id;genre;nom;prenom;date_naissance;adresse_email;numero_telephone;ville;code_postal;numero_et_nom_voie;preference_canal_seance;photo;photo_content_type;url_photo_profil
1;Monsieur;de par certainement;puisque accomplir;2025-02-26T12:45:14;même si avant;timide membre à vie;énumérer sage sauf;11526;ding;AppelVisio;../fake-data/blob/hipster.png;image/png;risquer jeune enfant
2;Monsieur;snif lorsque;contenter tic-tac;2025-02-25T16:55:58;appeler lors rose;à raison de adversaire sortir;de crainte que presque pour que;12160;novice;AppelVisio;../fake-data/blob/hipster.png;image/png;oui
3;Monsieur;du moment que monter fonctionnaire;insipide tant électorat;2025-02-25T22:54:39;au point que hors influencer;extra toujours;rectorat sédentaire précisément;16123;toutefois;AdressePhysique;../fake-data/blob/hipster.png;image/png;emplir
4;Madame;oui;au point que;2025-02-25T15:57:05;adversaire de façon à ce que;parce que;si bien que insipide pour que;12207;tchou tchouu;AdressePhysique;../fake-data/blob/hipster.png;image/png;rudement au-delà
5;Madame;tard hé;conformer;2025-02-26T03:33:18;quoique tendre;intéresser;que depuis;913;installer;AdressePhysique;../fake-data/blob/hipster.png;image/png;ouah
6;Monsieur;vu que si groin groin;avant de compenser;2025-02-25T18:04:12;libérer même;patientèle candide broum;tellement après que;30076;obéir espiègle perplexe;AppelVisio;../fake-data/blob/hipster.png;image/png;aussitôt que suivant avant
7;Monsieur;souple pendant mince;sursauter agir vide;2025-02-26T08:35:24;pin-pon en vérité;sauf à après;antagoniste de peur que sans doute;22110;boum;AppelVisio;../fake-data/blob/hipster.png;image/png;atchoum dès que
8;Monsieur;dring tchou tchouu;bon décider pour;2025-02-26T04:01:16;à partir de y foule;si bien que;tandis que oh tôt;9952;mal parce que;AdressePhysique;../fake-data/blob/hipster.png;image/png;ronron entamer
9;Monsieur;pschitt;émérite;2025-02-26T09:18:40;accroître à bas de;obliger;chez vlan quitte à;25864;bien affable;AdressePhysique;../fake-data/blob/hipster.png;image/png;assez financer trop
10;Monsieur;émérite;apparemment gens;2025-02-26T11:48:18;à l'instar de former;personnel professionnel;attribuer lectorat;23254;énorme si bien que si;AdressePhysique;../fake-data/blob/hipster.png;image/png;entièrement autour de afin de
