id;civilite;nom;prenom;date_naissance;adresse_email;numero_telephone;ville;code_postal;numero_et_nom_voie;tarif_actuel;format_propose_seance;photo;photo_content_type;url_photo_profil;bio
1;Monsieur;émérite innombrable;rédaction;2025-02-25T18:07:43;dépouiller commis de cuisine;creuser;à condition que avant d’autant que;690;totalement;8509;AppelVisio;../fake-data/blob/hipster.png;image/png;débile;même si
2;Madame;hors de;parlementaire bien que serrer;2025-02-25T21:45:13;loin ding;dynamique sentir chez;rapide;11947;à l'insu de lectorat;8548;AppelVisio;../fake-data/blob/hipster.png;image/png;pourvu que considérable tranquille;bien
3;Monsieur;chef autour franco;aventurer presque;2025-02-26T12:55:36;tchou tchouu;au défaut de clac;apte comme aimable;31078;atchoum quitter;12047;AppelVisio;../fake-data/blob/hipster.png;image/png;lasser glouglou sauvage;envoyer population du Québec gens
4;Madame;miam;vaste;2025-02-26T06:31:52;remplacer;rêver bon;articuler vaste;16644;après-demain de façon que partenaire;23315;AppelVisio;../fake-data/blob/hipster.png;image/png;si placide;gens chef
5;Madame;adepte dégager ouah;triste vraisemblablement identifier;2025-02-26T09:31:44;conseil d’administration;triathlète vu que;camarade comme mélanger;9643;ronron placide;31569;AppelVisio;../fake-data/blob/hipster.png;image/png;fonctionnaire;vite suivant
6;Monsieur;chut spécialiste charitable;membre du personnel énumérer;2025-02-25T19:02:48;chialer loin avant que;patientèle certes insipide;diététiste debout parlementaire;24773;afin que porte-parole;20977;AdressePhysique;../fake-data/blob/hipster.png;image/png;avare à la faveur de;préférer sage
7;Madame;grrr redire;d’autant que hôte perplexe;2025-02-26T02:41:35;inspecter conseil d’administration;secouriste correspondre;fonctionnaire;4200;triathlète collègue;3366;AppelVisio;../fake-data/blob/hipster.png;image/png;longtemps;coac coac installer
8;Madame;préoccuper avex;avant au-dedans de;2025-02-25T16:57:55;tellement patientèle patientèle;pff;à l'égard de svelte;17587;pff espiègle pendant que;20587;AdressePhysique;../fake-data/blob/hipster.png;image/png;lorsque;tant cuicui
9;Monsieur;rectangulaire bzzz redresser;arrière partenaire;2025-02-26T06:15:09;de manière à ce que;grandement;suffisamment;12478;trop de façon à ce que renoncer;28179;AppelVisio;../fake-data/blob/hipster.png;image/png;dorénavant loin de;encore
10;Madame;chut;dire actionnaire ressortir;2025-02-26T10:35:20;présidence partenaire mince;de façon à ce que trop;quand diplomate;16486;garder camarade hi;28973;AdressePhysique;../fake-data/blob/hipster.png;image/png;arrêter conseil d’administration;conseil d’administration outre
